QID,代號,來源,類別,年份,題型,題號,題目簡述,答案,章節,章節（短）,P,Ph,Pm,Pl,P90,P70,P50,P30,P10,T,D,D1,D2,D3,D4,TA,TB,TC,TD,TE,HA,HB,HC,HD,HE,LA,LB,LC,LD,LE
28617,sdcxc-ma091-1-01ax,學測數學091,學測數學,091,單選,1,到兩點距離和,(A),msseq 二次曲線,二次曲線,76,97,83,48,99,93,84,69,36,,49,6,9,15,33,76,7,7,3,6,82,0,0,8,10,25,3,4,19,50
28632,sdcxc-ma091-1-02ax,學測數學091,學測數學,091,單選,2,樹的直徑,(B),msckx 數學綜合概念,數學綜合概,51,79,51,23,84,68,53,35,16,,56,16,15,18,19,12,51,12,12,12,1,2,84,12,1,3,15,17,37,28
28648,sdcxc-ma091-1-03ax,學測數學091,學測數學,091,單選,3,向量和為零向量,(C),msspx 平面向量,平面向量,62,94,65,27,98,86,66,40,21,,67,12,20,26,19,4,6,62,18,9,2,8,15,4,71,8,26,39,17,9
28792,sdcxc-ma091-1-04ax,學測數學091,學測數學,091,單選,4,常態分佈與數學成績,(B),msdsp 隨機變數,隨機變數,35,60,27,18,71,41,27,20,16,,42,30,14,7,4,5,35,23,27,10,2,1,1,89,7,56,9,9,16,10
28794,sdcxc-ma091-1-05ax,學測數學091,學測數學,091,單選,5,函數圖形的配對,(D),msckx 數學綜合概念,數學綜合概,52,82,54,20,87,70,53,34,13,,62,17,17,19,21,7,27,11,52,3,7,5,14,64,10,28,24,21,12,15
28793,sdcxc-ma091-1-06ax,學測數學091,學測數學,091,單選,6,橢圓與45度的交線,(B),msseq 二次曲線,二次曲線,33,53,32,14,60,42,30,20,12,,39,18,12,10,8,5,33,28,19,15,43,12,16,3,26,7,21,39,14,18
28795,sdcxc-ma091-1-07ax,學測數學091,學測數學,091,多選,7,"$abc>0$, $ab+bc+ca<0$, $a+b+c>0$",(A)(D)(E),msckx 數學綜合概念,數學綜合概,75,93,82,50,95,88,83,72,37,68,43,7,5,11,35,93,12,9,87,80,14,40,18,9,19,16,20,34,20,10
28796,sdcxc-ma091-1-08ax,學測數學091,學測數學,091,多選,8,機器狗的移動,(A)(B)(C)(D),msnsl 數列與遞迴,數列與遞迴,60,88,64,28,92,79,65,46,19,53,60,13,14,19,27,83,77,76,69,27,53,19,81,42,65,44,57,55,53,52
28798,sdcxc-ma091-1-09ax,學測數學091,學測數學,091,多選,9,解集合相同,(B)(D)(E),msajz 矩陣與方程組,矩陣與方程,31,53,26,14,63,36,25,18,12,15,39,27,11,7,6,63,84,32,87,55,4,5,44,43,82,36,29,75,59,39
28834,sdcxc-ma091-1-10ax,學測數學091,學測數學,091,多選,10,指數方程式的根,(B)(C)(D)(E),msajt 指數與對數,指數與對數,20,40,11,9,52,19,12,10,8,11,31,33,7,2,2,24,43,77,80,31,8,95,79,75,30,46,61,53,54,51
28840,sdcxc-ma091-1-11ax,學測數學091,學測數學,091,多選,11,單月計息、雙月計息,(A)(B)(C)(D)(E),msnsl 數列與遞迴,數列與遞迴,16,30,12,6,38,16,12,9,5,10,24,22,4,3,4,53,75,61,50,48,100,1,7,83,15,79,22,43,56,46
28843,sdcxc-ma091-1-12ax,學測數學091,學測數學,091,多選,12,三角形三內角的三角函數值,(A)(B)(E),msssj 三角函數,三角函數,36,67,29,12,77,48,30,18,9,23,55,29,18,12,9,80,42,20,20,64,14,85,53,58,66,32,67,58,63,44
28849,sdcxc-ma091-1-13ax,學測數學091,學測數學,091,填充,A,圓弧型花台,$85$,mssjy 直線與圓,直線與圓,28,65,17,2,78,41,17,5,1,,63,37,24,12,4,,,,,,,,,,,,,,,
28853,sdcxc-ma091-1-14ax,學測數學091,學測數學,091,填充,B,"GCD($2^{20}-1$, $2^{19}+1$ )",$3$,msckx 數學綜合概念,數學綜合概,50,70,51,29,76,59,52,44,21,,41,17,7,8,23,,,,,,,,,,,,,,,
28854,sdcxc-ma091-1-15ax,學測數學091,學測數學,091,填充,C,營業額成整率,$100\%$,msnsl 數列與遞迴,數列與遞迴,38,70,32,12,78,53,34,20,8,,58,25,19,14,12,,,,,,,,,,,,,,,
28858,sdcxc-ma091-1-16ax,學測數學091,學測數學,091,填充,D,圓周上打洞,$20$,msckx 數學綜合概念,數學綜合概,50,67,53,30,72,58,53,44,21,,37,14,5,9,23,,,,,,,,,,,,,,,
28861,sdcxc-ma091-1-17ax,學測數學091,學測數學,091,填充,E,單淘汰制、獎金倍增,$576$萬元,msnsl 數列與遞迴,數列與遞迴,41,70,41,12,77,56,41,24,6,,58,21,15,17,18,,,,,,,,,,,,,,,
28862,sdcxc-ma091-1-18ax,學測數學091,學測數學,091,填充,F,測山高,$600$,msssj 三角函數,三角函數,51,89,50,14,94,77,52,26,9,,75,17,25,26,17,,,,,,,,,,,,,,,
28865,sdcxc-ma091-1-19ax,學測數學091,學測數學,091,填充,G,從九人抽三人的平均身高,$\frac{1}{28}$,msdtj 統計,統計,29,58,24,5,68,40,24,11,2,,53,28,16,13,9,,,,,,,,,,,,,,,
28867,sdcxc-ma091-1-20ax,學測數學091,學測數學,091,填充,H,正立方體內的夾角,$\frac{1}{37}$,msskx 空間向量,空間向量,28,69,14,1,82,41,15,4,0,,68,41,26,11,4,,,,,,,,,,,,,,,
28553,sdcxc-ma092-1-01ax,學測數學092,學測數學,092,單選,1,等差數列與整數,(D),msnsl 數列與遞迴,數列與遞迴,46,74,46,18,80,61,46,30,11,,56,19,15,16,19,9,16,22,46,7,40,21,87,33,82,54,53,59,47,61
28624,sdcxc-ma092-1-02ax,學測數學092,學測數學,092,單選,2,合成函數的餘式,(E),msadx 多項式,多項式,46,83,44,11,90,68,43,21,6,,72,22,25,22,15,34,5,10,5,46,0,1,97,0,2,11,33,27,11,18
28631,sdcxc-ma092-1-03ax,學測數學092,學測數學,092,單選,3,$(4 + 3i)(\cos \theta + i \sin \theta )$,(B),msssj 三角函數,三角函數,41,66,36,21,75,48,35,29,17,,45,27,13,6,12,7,41,31,13,8,4,4,3,0,89,8,20,51,9,12
28644,sdcxc-ma092-1-04ax,學測數學092,學測數學,092,單選,4,線性組合與面積,(C),msspx 平面向量,平面向量,49,69,47,31,77,55,46,41,26,,38,22,9,5,15,10,12,49,12,17,3,77,3,3,14,19,32,20,8,21
28688,sdcxc-ma092-1-05ax,學測數學092,學測數學,092,單選,5,謠言聽到的人數,(D),msajt 指數與對數,指數與對數,22,43,15,8,53,24,15,12,6,,35,29,9,3,6,26,33,14,22,5,91,1,1,8,0,16,11,17,51,4
28562,sdcxc-ma092-1-06ax,學測數學092,學測數學,092,多選,6,直線方程式的係數,(D)(E),mssjy 直線與圓,直線與圓,41,71,40,12,77,58,40,21,8,32,59,19,18,19,13,31,38,30,69,66,0,86,5,3,5,6,22,36,18,18
28707,sdcxc-ma092-1-07ax,學測數學092,學測數學,092,多選,7,空間向量,(A)(B)(C)(D),msskx 空間向量,空間向量,45,79,41,15,88,62,40,23,11,35,64,26,22,17,12,71,68,68,72,28,15,7,10,53,14,28,27,25,10,11
28713,sdcxc-ma092-1-08ax,學測數學092,學測數學,092,多選,8,指對數的數值正負,(A)(B)(E),msajt 指數與對數,指數與對數,55,86,60,19,90,78,59,34,12,43,67,12,19,25,22,81,82,19,26,71,7,84,94,11,91,39,44,66,35,59
28720,sdcxc-ma092-1-09ax,學測數學092,學測數學,092,多選,9,三角函數的週期,(C)(D),msssj 三角函數,三角函數,24,42,19,11,52,25,17,14,10,13,31,27,8,3,4,39,39,67,60,52,96,95,24,87,14,80,78,55,65,37
28729,sdcxc-ma092-1-10ax,學測數學092,學測數學,092,多選,10,若  $x > 0$，則 $y > 0$,(B)(D)(E),msckx 數學綜合概念,數學綜合概,21,43,14,6,52,26,15,9,5,12,37,26,11,6,4,43,54,39,74,33,4,10,90,21,85,27,59,67,54,43
28740,sdcxc-ma092-1-11ax,學測數學092,學測數學,092,多選,11,代參數的空間三平面,(B)(C)(E),msajz 矩陣與方程組,矩陣與方程,24,43,18,11,52,26,17,14,9,11,32,26,9,3,5,26,66,62,53,48,61,24,19,92,81,29,67,45,63,59
28744,sdcxc-ma092-1-12ax,學測數學092,學測數學,092,填充,A,"$50$ 個數取值 $-1,0,1$",$11$,msckx 數學綜合概念,數學綜合概,37,74,31,6,83,55,30,13,3,,68,28,25,17,10,,,,,,,,,,,,,,,
28752,sdcxc-ma092-1-13ax,學測數學092,學測數學,092,填充,B,四位數密碼,$\frac{1}{12}$,msdtj 統計,統計,64,93,70,29,96,86,70,49,18,,64,10,16,21,31,,,,,,,,,,,,,,,
28757,sdcxc-ma092-1-14ax,學測數學092,學測數學,092,填充,C,拋物線與正三角形,$5$,msseq 二次曲線,二次曲線,27,52,21,8,62,32,21,13,5,,44,30,11,8,8,,,,,,,,,,,,,,,
28763,sdcxc-ma092-1-15ax,學測數學092,學測數學,092,填充,D,雙曲線上一點到兩焦點距離比,$22$,msseq 二次曲線,二次曲線,16,39,7,2,51,19,8,3,1,,37,32,11,5,2,,,,,,,,,,,,,,,
28768,sdcxc-ma092-1-16ax,學測數學092,學測數學,092,填充,E,空間中平面與球交出的弧長,$\frac{2}{3}\pi$,msskx 空間向量,空間向量,21,37,17,9,48,19,16,14,6,,28,29,3,2,8,,,,,,,,,,,,,,,
28773,sdcxc-ma092-1-17ax,學測數學092,學測數學,092,填充,F,二次方程的兩根積,$12$,msadx 多項式,多項式,35,67,31,7,77,48,29,15,4,,60,29,19,14,11,,,,,,,,,,,,,,,
28779,sdcxc-ma092-1-18ax,學測數學092,學測數學,092,填充,G,二次函數,$\dfrac{54}{11}$,msadx 多項式,多項式,15,41,4,0,56,15,4,1,0,,41,41,11,3,1,,,,,,,,,,,,,,,
28787,sdcxc-ma092-1-19ax,學測數學092,學測數學,092,填充,H,選擇題猜題的期望值,$68$,msdsp 隨機變數,隨機變數,17,36,12,3,44,21,11,5,2,,33,23,10,6,3,,,,,,,,,,,,,,,
28791,sdcxc-ma092-1-20ax,學測數學092,學測數學,092,填充,I,溫度轉換的標準差,"$60.8$, $6.3$",msdtj 統計,統計,38,70,35,9,80,52,33,18,5,,61,28,19,15,13,,,,,,,,,,,,,,,
29049,sdcxc-ma093-1-01ax,學測數學093,學測數學,093,單選,1,給等差級數奇數項、偶數項的和,(C),msnsl 數列與遞迴,數列與遞迴,71,93,79,41,95,88,78,60,32,,52,7,10,18,28,11,11,71,3,5,97,93,37,86,25,45,61,46,71,56
29058,sdcxc-ma093-1-02ax,學測數學093,學測數學,093,單選,2,次方大小比較,(B),msajt 指數與對數,指數與對數,60,85,62,33,89,76,63,48,25,,52,13,13,15,23,2,60,15,5,18,49,95,55,43,92,58,58,69,53,58
29068,sdcxc-ma093-1-03ax,學測數學093,學測數學,093,單選,3,"$D =\{ w:w = z^3 , z \in A\}$",(E),msssj 三角函數,三角函數,44,76,40,16,85,59,40,26,12,,60,26,19,14,14,5,10,17,23,44,14,10,9,93,79,39,46,39,75,45
29072,sdcxc-ma093-1-04ax,學測數學093,學測數學,093,單選,4,PA 垂直 PB 所成的集合,(A),msspx 平面向量,平面向量,23,42,17,10,52,24,16,13,9,,32,28,8,3,4,23,19,16,17,25,0,0,99,1,0,6,13,67,9,6
29076,sdcxc-ma093-1-05ax,學測數學093,學測數學,093,單選,5,三角形內一點的線性組合,(D),msspx 平面向量,平面向量,61,88,62,33,93,78,63,47,25,,55,15,15,16,22,5,12,13,61,9,0,1,9,88,1,5,12,30,44,8
29079,sdcxc-ma093-1-06ax,學測數學093,學測數學,093,單選,6,股票漲五天跌五天,(A),msajt 指數與對數,指數與對數,26,42,27,9,47,33,26,16,6,,33,14,7,10,10,26,27,30,9,7,8,78,2,1,10,20,33,17,12,19
29081,sdcxc-ma093-1-07ax,學測數學093,學測數學,093,多選,7,外側車道 大客車專用,(A)(C)(D),msckx 數學綜合概念,數學綜合概,56,77,61,30,81,69,60,45,23,43,47,12,9,15,22,97,6,57,97,40,51,12,7,11,19,15,15,20,19,31
29083,sdcxc-ma093-1-08ax,學測數學093,學測數學,093,多選,8,放在夠大的圓,(B)(E),msckx 數學綜合概念,數學綜合概,43,77,39,13,86,60,37,21,10,32,64,26,23,16,11,25,78,37,37,71,20,77,6,95,93,62,40,35,57,50
29090,sdcxc-ma093-1-09ax,學測數學093,學測數學,093,多選,9,金字塔與向量內積,(C)(D),msskx 空間向量,空間向量,46,70,38,30,79,53,39,34,28,26,40,26,14,5,6,22,47,75,90,15,98,16,11,97,67,63,64,41,50,38
29093,sdcxc-ma093-1-10ax,學測數學093,學測數學,093,多選,10,十個數選兩數和為偶數,(A)(D),msdjl 機率,機率,43,77,40,12,84,62,41,21,8,36,65,22,21,20,13,74,31,30,64,37,96,99,3,90,1,51,63,47,56,33
29196,sdcxc-ma093-1-11ax,學測數學093,學測數學,093,多選,11,三次方程式有一根 $1+i$,(A)(B)(E),msadx 多項式,多項式,29,55,23,9,64,37,22,14,7,18,46,27,15,8,7,77,67,40,39,59,88,96,40,83,97,51,61,47,50,55
29197,sdcxc-ma093-1-12ax,學測數學093,學測數學,093,填充,A,取三次較好的平均,$84$,msdtj 統計,統計,70,90,77,43,92,85,79,66,31,,47,7,6,13,35,,,,,,,,,,,,,,,
29198,sdcxc-ma093-1-13ax,學測數學093,學測數學,093,填充,B,抽獎，沒抽中可再抽一次,$675$,msdsp 隨機變數,隨機變數,25,57,16,2,69,35,15,4,1,,55,34,20,11,3,,,,,,,,,,,,,,,
29199,sdcxc-ma093-1-14ax,學測數學093,學測數學,093,填充,C,對數方程式,$15$,msajt 指數與對數,指數與對數,36,77,27,4,88,54,25,10,2,,73,34,29,15,8,,,,,,,,,,,,,,,
29200,sdcxc-ma093-1-15ax,學測數學093,學測數學,093,填充,D,三角形的三等分點,$\frac{3}{4}$,msspx 平面向量,平面向量,19,45,8,4,60,19,8,6,3,,41,41,11,2,3,,,,,,,,,,,,,,,
29201,sdcxc-ma093-1-16ax,學測數學093,學測數學,093,填充,E,男女分班,$42$,msckx 數學綜合概念,數學綜合概,52,77,56,23,83,66,55,40,15,,54,17,11,15,25,,,,,,,,,,,,,,,
29202,sdcxc-ma093-1-17ax,學測數學093,學測數學,093,填充,F,平面上一圓的切向量,"$a=5, b=3$",msskx 空間向量,空間向量,26,61,15,2,75,34,13,5,1,,59,41,21,8,4,,,,,,,,,,,,,,,
29203,sdcxc-ma093-1-18ax,學測數學093,學測數學,093,填充,G,$\sqrt{3}\sin A+ \cos A$,$306$,msssj 三角函數,三角函數,10,27,3,0,39,6,2,0,0,,27,33,4,2,0,,,,,,,,,,,,,,,
29204,sdcxc-ma093-1-19ax,學測數學093,學測數學,093,填充,H,圓上與原點距離為整數,$12$,mssjy 直線與圓,直線與圓,21,37,18,8,44,24,18,12,6,,29,20,6,6,6,,,,,,,,,,,,,,,
29205,sdcxc-ma093-1-20ax,學測數學093,學測數學,093,填充,I,直線與拋物線交兩點,$10$,msseq 二次曲線,二次曲線,19,47,7,3,63,20,8,4,2,,44,43,12,4,2,,,,,,,,,,,,,,,
29087,sdcxc-ma094-1-01ax,學測數學094,學測數學,094,單選,1,$43659$ 的質因數,(C),msckx 數學綜合概念,數學綜合概,73,91,78,50,93,86,79,65,42,,41,7,7,14,23,2,9,73,12,4,12,90,18,96,16,46,58,43,55,52
29089,sdcxc-ma094-1-02ax,學測數學094,學測數學,094,單選,2,計算數列部分和,(A),msnsl 數列與遞迴,數列與遞迴,78,98,89,47,99,96,91,76,30,,51,3,5,15,46,78,7,6,6,3,10,62,92,87,27,28,42,72,73,58
29092,sdcxc-ma094-1-03ax,學測數學094,學測數學,094,單選,3,小樂透,(D),msdjl 機率,機率,52,82,54,20,88,70,53,34,14,,62,18,17,19,20,9,15,18,52,6,1,0,0,0,99,15,10,13,8,54
29094,sdcxc-ma094-1-04ax,學測數學094,學測數學,094,單選,4,兩數相加的對數值,(B),msajt 指數與對數,指數與對數,32,65,21,10,76,42,22,13,9,,55,34,20,9,4,9,32,17,11,30,0,1,1,95,2,6,15,25,42,12
29098,sdcxc-ma094-1-05ax,學測數學094,學測數學,094,單選,5,開根號x10,(E),msdtj 統計,統計,8,10,7,7,12,7,7,8,6,,3,5,0,-1,2,6,18,57,11,8,0,96,0,1,2,10,37,21,13,19
29100,sdcxc-ma094-1-06ax,學測數學094,學測數學,094,多選,6,斜坐標,(A)(B),msspx 平面向量,平面向量,53,81,52,26,87,68,51,37,20,38,55,19,17,14,17,84,70,22,32,20,1,0,2,95,1,6,18,20,30,26
29101,sdcxc-ma094-1-07ax,學測數學094,學測數學,094,多選,7,鳶形與斜率,(B)(C)(E),mssjy 直線與圓,直線與圓,56,87,59,22,91,77,58,36,15,44,65,14,19,22,21,18,72,82,18,72,1,97,1,1,0,15,33,29,15,7
29103,sdcxc-ma094-1-08ax,學測數學094,學測數學,094,多選,8,三平面皆過兩點,(B),msskx 空間向量,空間向量,34,67,22,13,81,42,21,15,12,25,54,39,21,6,3,37,65,44,40,21,13,55,9,6,16,23,22,33,11,12
29105,sdcxc-ma094-1-09ax,學測數學094,學測數學,094,多選,9,$\tan \theta < \sin \theta$,(A)(E),msssj 三角函數,三角函數,37,69,32,10,77,52,31,16,8,26,59,25,21,15,8,70,33,35,27,60,100,5,98,3,83,71,37,61,34,35
29106,sdcxc-ma094-1-10ax,學測數學094,學測數學,094,多選,10,雙曲線兩焦點與等腰三角形,(B)(E),msseq 二次曲線,二次曲線,29,47,23,17,59,27,21,20,15,22,30,32,6,1,5,18,68,46,48,58,98,4,3,99,9,69,34,31,67,34
29107,sdcxc-ma094-1-11ax,學測數學094,學測數學,094,多選,11,空間中到兩點距離和為定值,(B)(C)(D)(E),msseq 二次曲線,二次曲線,32,51,30,15,58,38,29,22,11,16,36,20,9,7,11,11,76,60,64,53,3,97,98,96,4,32,56,68,70,29
29129,sdcxc-ma094-1-12ax,學測數學094,學測數學,094,填充,A,除式為二次式,"$p=3,q=8$",msadx 多項式,多項式,69,92,82,33,94,89,81,60,18,,59,5,8,21,42,,,,,,,,,,,,,,,
29130,sdcxc-ma094-1-13ax,學測數學094,學測數學,094,填充,B,四邊形中一點到端點的面積,"$(\frac{2}{5},\frac{2}{3})$",msspx 平面向量,平面向量,39,78,34,5,86,62,34,13,2,,73,24,28,21,11,,,,,,,,,,,,,,,
29132,sdcxc-ma094-1-14ax,學測數學094,學測數學,094,填充,C,正負方向跳動的方法數,$6$,msdpc 排列組合與記數原理,排列組合與,51,80,51,22,86,67,52,36,15,,58,19,15,16,21,,,,,,,,,,,,,,,
29134,sdcxc-ma094-1-15ax,學測數學094,學測數學,094,填充,D,$1+z+z^2 + \cdots +z^9$,"$32, -1$",msnsl 數列與遞迴,數列與遞迴,21,48,14,1,59,29,14,4,0,,47,30,15,10,4,,,,,,,,,,,,,,,
29135,sdcxc-ma094-1-16ax,學測數學094,學測數學,094,填充,E,與定點成直角求面積極值,$\frac{25}{16}$,msspx 平面向量,平面向量,13,36,3,0,52,10,2,0,0,,36,42,8,2,0,,,,,,,,,,,,,,,
29136,sdcxc-ma094-1-17ax,學測數學094,學測數學,094,填充,F,角平分線夾角的餘弦值,$\dfrac{3}{4}$,msssj 三角函數,三角函數,17,38,8,5,51,16,9,7,4,,33,35,7,2,3,,,,,,,,,,,,,,,
29137,sdcxc-ma094-1-18ax,學測數學094,學測數學,094,填充,G,過拋物線焦點的一直線,$\frac{3}{2}$,msseq 二次曲線,二次曲線,12,24,8,4,32,11,7,5,3,,20,21,4,2,2,,,,,,,,,,,,,,,
29139,sdcxc-ma094-1-19ax,學測數學094,學測數學,094,填充,H,指數的勘根,$15$,msajt 指數與對數,指數與對數,32,66,25,5,77,45,26,11,2,,61,32,19,15,9,,,,,,,,,,,,,,,
29142,sdcxc-ma094-1-20ax,學測數學094,學測數學,094,填充,I,正立方體內一點到邊的距離,$\dfrac{5}{6}$,msskx 空間向量,空間向量,26,63,13,2,78,33,12,4,1,,61,45,21,8,3,,,,,,,,,,,,,,,
,sdcxc-ma095-1-01ax,學測數學095,學測數學,095,單選,1,複數根與複數平面,(E),msssj 三角函數,三角函數,73,97,75,47,99,91,74,57,42,,50,8,17,17,15,3,11,73,10,3,2,2,98,90,28,37,50,62,54,53
28616,sdcxc-ma095-1-02ax,學測數學095,學測數學,095,單選,2,方格中同行的機率,(D),msdjl 機率,機率,40,73,38,9,81,57,37,18,6,,64,24,20,19,12,7,14,24,15,40,25,98,94,7,90,66,68,60,43,48
28818,sdcxc-ma095-1-03ax,學測數學095,學測數學,095,單選,3,堆疊的三角形,(D),msssj 三角函數,三角函數,52,88,46,22,95,72,46,30,19,,66,23,26,16,11,4,22,14,52,7,98,7,14,50,10,78,38,49,33,39
28820,sdcxc-ma095-1-04ax,學測數學095,學測數學,095,單選,4,$\sqrt{3}\cos{A}+ \sin{A}$ 接近 $\sqrt{2}$,(D),msssj 三角函數,三角函數,34,67,23,12,81,40,23,16,10,,55,41,17,7,6,17,18,20,34,9,3,3,3,4,88,6,10,15,20,49
28822,sdcxc-ma095-1-05ax,學測數學095,學測數學,095,單選,5,細菌成長 3 小時變 3 倍,(E),msajt 指數與對數,指數與對數,24,50,15,7,67,22,14,10,5,,43,45,8,4,5,11,22,22,22,24,1,1,3,90,5,9,8,35,36,12
28825,sdcxc-ma095-1-06ax,學測數學095,學測數學,095,多選,6,"$3,4,14$ 都是 $b,c$ 的公因數",(B)(C)(D),msckx 數學綜合概念,數學綜合概,15,27,8,10,37,10,7,9,10,7,17,27,3,-2,-1,55,61,66,34,63,10,4,67,7,12,29,18,12,28,13
28835,sdcxc-ma095-1-07ax,學測數學095,學測數學,095,多選,7,到兩點距離和,(A)(C)(D)(E),msseq 二次曲線,二次曲線,47,83,44,14,90,69,43,23,9,35,69,21,26,20,14,71,25,77,79,55,37,2,10,5,46,26,14,26,14,19
28838,sdcxc-ma095-1-08ax,學測數學095,學測數學,095,多選,8,等差數列取次方,(A)(B)(C)(D)(E),msajt 指數與對數,指數與對數,38,71,33,10,80,54,34,18,6,28,61,26,20,16,12,69,83,71,69,58,5,75,11,6,3,10,25,40,17,9
28841,sdcxc-ma095-1-09ax,學測數學095,學測數學,095,多選,9,看錯三次方程式的係數,(A)(C)(E),msadx 多項式,多項式,38,71,30,13,82,49,31,20,10,30,58,33,18,11,10,59,32,67,31,61,4,4,71,9,12,8,17,15,51,8
28841,sdcxc-ma095-1-10ax,學測數學095,學測數學,095,多選,10,體重的直方圖與常態分佈圖,(A)(B)(D)(E),msdsp 隨機變數,隨機變數,27,48,23,10,58,32,22,15,7,11,38,26,10,7,8,61,35,30,72,78,98,87,97,4,84,64,57,68,36,35
28914,sdcxc-ma095-1-11ax,學測數學095,學測數學,095,多選,11,最佳分解,(A)(C)(D)(E),msckx 數學綜合概念,數學綜合概,76,98,89,41,99,95,88,70,26,70,57,4,7,18,44,86,16,90,89,84,92,95,2,22,44,68,43,39,53,46
28557,sdcxc-ma095-1-12ax,學測數學095,學測數學,095,填充,A,男、女孩比,$105$,msckx 數學綜合概念,數學綜合概,44,80,44,8,87,65,45,20,3,,72,22,20,25,17,,,,,,,,,,,,,,,
28920,sdcxc-ma095-1-13ax,學測數學095,學測數學,095,填充,B,正立方體內的夾角,$\frac{4\sqrt{10}}{15}$,msspx 平面向量,平面向量,33,77,21,1,88,54,18,3,0,,76,34,36,15,3,,,,,,,,,,,,,,,
28923,sdcxc-ma095-1-14ax,學測數學095,學測數學,095,填充,C,四點形成菱形,"$(9,3)$",msspx 平面向量,平面向量,49,88,50,9,95,75,51,23,4,,79,20,24,28,19,,,,,,,,,,,,,,,
28925,sdcxc-ma095-1-15ax,學測數學095,學測數學,095,填充,D,圓內接四邊形的對角線,$\sqrt{72}$,msssj 三角函數,三角函數,34,72,26,4,85,47,25,10,2,,68,38,22,15,8,,,,,,,,,,,,,,,
28927,sdcxc-ma095-1-16ax,學測數學095,學測數學,095,填充,E,買鞋買一送一,$21$,msdpc 排列組合與記數原理,排列組合與,68,89,75,40,93,83,75,63,27,,49,10,8,12,36,,,,,,,,,,,,,,,
28928,sdcxc-ma095-1-17ax,學測數學095,學測數學,095,填充,F,電視頻道的分類,$576$,msdpc 排列組合與記數原理,排列組合與,44,81,44,7,88,67,44,18,3,,74,21,23,26,15,,,,,,,,,,,,,,,
28930,sdcxc-ma095-1-18ax,學測數學095,學測數學,095,填充,G,數列的規律,$478$,msnsl 數列與遞迴,數列與遞迴,71,93,79,41,95,88,80,65,27,,52,7,8,15,38,,,,,,,,,,,,,,,
28931,sdcxc-ma095-1-19ax,學測數學095,學測數學,095,填充,H,三角形中間一線的長度,$7$,msssj 三角函數,三角函數,51,84,47,22,93,66,47,34,15,,62,27,19,13,19,,,,,,,,,,,,,,,
28932,sdcxc-ma095-1-20ax,學測數學095,學測數學,095,填充,I,將矩形等分的直線,$ \frac{1}{2}$,mssjy 直線與圓,直線與圓,25,56,12,7,73,25,13,10,5,,49,48,12,3,5,,,,,,,,,,,,,,,
28621,sdcxc-ma096-1-01ax,學測數學096,學測數學,096,單選,1,奇偶函數的加減,(D),msadx 多項式,多項式,71,95,81,37,97,91,81,60,24,,58,6,10,21,36,2,12,9,71,6,8,21,31,81,87,34,48,37,48,53
28625,sdcxc-ma096-1-02ax,學測數學096,學測數學,096,單選,2,"通過點 $A(-n, 0)$ 與點 $B(0, 2)$ 的直線",(B),msckx 數學綜合概念,數學綜合概,35,58,28,19,68,41,28,22,17,,39,27,13,6,5,15,35,15,4,30,87,20,73,78,26,42,52,57,48,50
28635,sdcxc-ma096-1-03ax,學測數學096,學測數學,096,單選,3,二次函數與溫差,(D),msadx 多項式,多項式,58,88,62,24,92,80,64,41,16,,64,12,16,23,25,14,6,7,58,15,66,92,47,14,95,36,66,48,34,46
28637,sdcxc-ma096-1-04ax,學測數學096,學測數學,096,單選,4,$\dfrac{x^2}{9} + \dfrac{y^2}{4} =1$與  $\dfrac{(x+1)^2}{16} - \dfrac{y^2}{9}=1$  的交點,(A),msseq 二次曲線,二次曲線,47,78,46,17,84,66,46,28,12,,61,18,20,18,16,47,20,10,9,14,94,7,82,29,27,50,41,58,51,55
28641,sdcxc-ma096-1-05ax,學測數學096,學測數學,096,單選,5,$y = \sin x$ 和 $y = \frac{x}{10\pi}$ 的交點,(C),msssj 三角函數,三角函數,47,67,46,28,74,55,46,37,23,,39,19,9,9,14,9,14,47,16,13,1,98,1,0,0,8,44,24,14,9
28646,sdcxc-ma096-1-06ax,學測數學096,學測數學,096,多選,6,"$\Omega =\{w|w=iz,z \in \Gamma \}$",(A)(C)(E),msssj 三角函數,三角函數,19,35,12,10,46,16,12,11,9,13,25,30,4,1,2,45,38,67,54,45,0,0,0,0,99,4,5,16,10,64
28650,sdcxc-ma096-1-07ax,學測數學096,學測數學,096,多選,7,兩點的中垂線,(A)(B)(D)(E),msspx 平面向量,平面向量,25,42,20,13,51,27,20,17,11,10,29,24,7,3,6,57,64,30,59,64,1,12,14,64,10,8,38,23,17,13
28651,sdcxc-ma096-1-08ax,學測數學096,學測數學,096,多選,8,列運算,(A)(E),msajz 矩陣與方程組,矩陣與方程,30,36,32,22,38,34,31,27,19,16,14,4,3,4,8,70,39,45,31,59,77,2,15,5,1,15,15,30,24,16
28652,sdcxc-ma096-1-09ax,學測數學096,學測數學,096,多選,9,四個相切的球,(A)(B)(D),msskx 空間向量,空間向量,42,70,39,17,78,54,39,26,13,27,53,24,15,13,13,78,84,30,67,42,0,3,91,2,5,6,11,16,26,41
28653,sdcxc-ma096-1-10ax,學測數學096,學測數學,096,多選,10,指對數的反函數關係,(A)(B)(D)(E),msajt 指數與對數,指數與對數,28,52,21,11,61,35,22,15,9,12,41,26,13,7,6,57,69,35,73,54,13,84,2,1,0,20,44,19,12,6
28654,sdcxc-ma096-1-11ax,學測數學096,學測數學,096,多選,11,插值多項式,(B)(D),msadx 多項式,多項式,22,35,16,15,42,22,17,15,14,10,20,20,5,2,1,42,67,41,47,36,7,24,45,14,10,16,31,32,16,5
28657,sdcxc-ma096-1-12ax,學測數學096,學測數學,096,填充,A,對數方程式,$\dfrac{1}{4}$,msajt 指數與對數,指數與對數,41,77,36,10,86,59,36,18,6,,67,27,23,18,12,,,,,,,,,,,,,,,
28663,sdcxc-ma096-1-13ax,學測數學096,學測數學,096,填充,B,三角形上的向量,"$(-1,12)$",msspx 平面向量,平面向量,27,64,16,1,77,37,14,4,1,,63,40,23,10,3,,,,,,,,,,,,,,,
28669,sdcxc-ma096-1-14ax,學測數學096,學測數學,096,填充,C,刪除離群值後的平均,$79$,msdtj 統計,統計,66,93,76,29,95,88,76,53,16,,64,7,12,23,37,,,,,,,,,,,,,,,
28673,sdcxc-ma096-1-15ax,學測數學096,學測數學,096,填充,D,球場座位數,$1600$,msnsl 數列與遞迴,數列與遞迴,75,92,82,51,94,87,82,71,39,,41,7,5,11,32,,,,,,,,,,,,,,,
28675,sdcxc-ma096-1-16ax,學測數學096,學測數學,096,填充,E,圓上三點成直角,"$(\frac{12}{13},\frac{-5}{13})$",mssjy 直線與圓,直線與圓,29,66,18,3,80,40,17,7,2,,63,40,23,10,5,,,,,,,,,,,,,,,
28677,sdcxc-ma096-1-17ax,學測數學096,學測數學,096,填充,F,衣鞋帽搭配的方法數,$25$,msdpc 排列組合與記數原理,排列組合與,26,38,28,12,42,32,28,21,8,,26,10,4,7,13,,,,,,,,,,,,,,,
28681,sdcxc-ma096-1-18ax,學測數學096,學測數學,096,填充,G,"抽獎報酬為 $k$, $11- k$",$\frac{87}{14}$,msdsp 隨機變數,隨機變數,19,39,13,5,49,21,14,9,3,,34,28,7,5,6,,,,,,,,,,,,,,,
28683,sdcxc-ma096-1-19ax,學測數學096,學測數學,096,填充,H,拋物線上一點到焦點與準線的連線夾角,$12$,msseq 二次曲線,二次曲線,32,63,26,7,74,42,25,13,5,,56,32,17,12,8,,,,,,,,,,,,,,,
28684,sdcxc-ma096-1-20ax,學測數學096,學測數學,096,填充,I,求中線的角度,$5 \sqrt{3}$,msspx 平面向量,平面向量,15,37,6,2,49,15,7,4,2,,35,34,8,3,2,,,,,,,,,,,,,,,
28622,sdcxc-ma097-1-01ax,學測數學097,學測數學,097,單選,1,次方為二次式的極值,(C),msajt 指數與對數,指數與對數,60,92,62,26,96,84,63,39,19,,66,12,21,24,20,15,14,60,6,5,95,95,3,2,94,52,51,56,41,36
28627,sdcxc-ma097-1-02ax,學測數學097,學測數學,097,單選,2,棒球與 ERA,(B),msckx 數學綜合概念,數學綜合概,75,96,85,44,97,93,86,70,30,,52,4,7,16,40,4,75,6,10,4,87,73,8,9,5,37,57,39,47,31
28630,sdcxc-ma097-1-03ax,學測數學097,學測數學,097,單選,3,內外圈跑道,(D),msckx 數學綜合概念,數學綜合概,73,97,84,38,98,94,86,64,24,,59,4,8,22,40,10,5,9,73,2,10,17,30,83,79,55,58,41,40,46
28634,sdcxc-ma097-1-04ax,學測數學097,學測數學,097,單選,4,車牌號碼,(D),msdpc 排列組合與記數原理,排列組合與,39,69,31,17,79,48,29,23,13,,52,31,19,6,10,5,19,30,39,7,47,19,93,84,13,49,54,59,50,43
28638,sdcxc-ma097-1-05ax,學測數學097,學測數學,097,單選,5,測廣場兩端的距離,(A),msssj 三角函數,三角函數,41,74,32,17,84,54,30,21,15,,57,30,24,9,6,41,13,27,12,8,7,97,8,94,70,39,57,62,56,46
28647,sdcxc-ma097-1-06ax,學測數學097,學測數學,097,多選,6,位在 $x$ 軸上方,(B)(C)(D),msckx 數學綜合概念,數學綜合概,56,92,58,18,96,83,59,31,13,45,74,13,24,28,18,17,84,72,82,27,92,95,10,16,84,49,57,62,48,44
28659,sdcxc-ma097-1-07ax,學測數學097,學測數學,097,多選,7,$800$ 人抽 $80$ 人,(D)(E),msdjl 機率,機率,39,60,40,17,65,50,39,27,12,25,43,15,11,12,15,23,27,42,84,53,99,0,0,0,0,58,19,14,6,3
28661,sdcxc-ma097-1-08ax,學測數學097,學測數學,097,多選,8,等差等比的比較,(B)(D),msnsl 數列與遞迴,數列與遞迴,36,57,36,15,62,48,37,23,11,14,42,14,11,14,12,13,74,25,79,71,1,3,1,3,92,3,14,14,27,42
28666,sdcxc-ma097-1-09ax,學測數學097,學測數學,097,多選,9,數量相乘為定值,(B)(E),msajt 指數與對數,指數與對數,33,65,24,10,75,45,23,13,8,20,55,30,22,10,5,55,75,30,31,62,7,56,15,7,16,12,14,49,17,9
28672,sdcxc-ma097-1-10ax,學測數學097,學測數學,097,多選,10,兩多項式有次數大於 $0$ 的公因式,(A)(C)(E),msadx 多項式,多項式,26,52,16,10,64,30,16,12,8,15,42,34,14,4,4,72,48,71,58,58,19,4,51,13,12,14,20,19,30,16
28676,sdcxc-ma097-1-11ax,學測數學097,學測數學,097,多選,11,空間中三條直線的相交情況,(A)(B)(D)(E),msskx 空間向量,空間向量,27,51,19,11,60,33,20,14,9,13,40,27,13,6,5,61,82,40,63,49,1,1,2,2,94,3,8,29,29,31
28679,sdcxc-ma097-1-12ax,學測數學097,學測數學,097,多選,12,圓與直線的關係,(A)(B)(D),mssjy 直線與圓,直線與圓,34,62,29,11,71,45,27,16,8,21,51,26,18,11,8,80,60,31,59,37,0,91,8,1,0,8,41,29,14,9
28700,sdcxc-ma097-1-13ax,學測數學097,學測數學,097,填充,A,空間中三向量和為 $0$,"$(-7,30,18)$",msskx 空間向量,空間向量,47,82,51,8,87,71,51,21,3,,74,16,20,30,18,,,,,,,,,,,,,,,
28709,sdcxc-ma097-1-14ax,學測數學097,學測數學,097,填充,B,兩線段上兩點的中點,"$(4,12), (3,0)$",msspx 平面向量,平面向量,63,96,75,18,98,91,75,41,8,,78,7,16,34,33,,,,,,,,,,,,,,,
28724,sdcxc-ma097-1-15ax,學測數學097,學測數學,097,填充,C,圓上兩個等弦的三角形,$\dfrac{12}{25}$,msssj 三角函數,三角函數,19,51,6,0,69,20,5,1,0,,51,49,15,4,1,,,,,,,,,,,,,,,
28728,sdcxc-ma097-1-16ax,學測數學097,學測數學,097,填充,D,雙曲線、角平分線,$-2$,msseq 二次曲線,二次曲線,35,72,27,6,83,50,27,12,3,,66,33,23,15,9,,,,,,,,,,,,,,,
28741,sdcxc-ma097-1-17ax,學測數學097,學測數學,097,填充,E,長方體被截成兩部分,"$(-2,2,9)$",msskx 空間向量,空間向量,13,37,2,0,54,9,1,0,0,,37,45,8,1,0,,,,,,,,,,,,,,,
28747,sdcxc-ma097-1-18ax,學測數學097,學測數學,097,填充,F,"$b^2=2a, a+2b>280$",$225$,msadx 多項式,多項式,20,34,19,7,41,22,20,14,3,,27,19,2,6,11,,,,,,,,,,,,,,,
28761,sdcxc-ma097-1-19ax,學測數學097,學測數學,097,填充,G,碰到直線反射,$-3$,msspx 平面向量,平面向量,30,65,19,6,79,39,18,10,4,,59,40,21,8,6,,,,,,,,,,,,,,,
28767,sdcxc-ma097-1-20ax,學測數學097,學測數學,097,填充,H,兩相切圓與拋物線,"$(\frac{-1}{5},\frac{53}{5})$",msseq 二次曲線,二次曲線,10,29,1,0,42,7,2,0,0,,29,35,5,2,0,,,,,,,,,,,,,,,
28620,sdcxc-ma098-1-01ax,學測數學098,學測數學,098,單選,1,給兩個級數和,(C),msnsl 數列與遞迴,數列與遞迴,85,99,95,61,99,98,96,87,46,,38,1,2,9,41,1,8,85,4,1,81,16,92,15,84,46,59,55,64,39
28623,sdcxc-ma098-1-02ax,學測數學098,學測數學,098,單選,2,$\cos (\pi^2 )$,(B),msssj 三角函數,三角函數,23,36,18,15,46,19,16,18,14,,21,27,3,-2,4,12,23,18,16,31,98,94,3,2,32,60,59,46,43,49
28628,sdcxc-ma098-1-03ax,學測數學098,學測數學,098,單選,3,$f(x)$ 除以 $g(x)$ 的餘式為 $x^4 -1$,(D),msadx 多項式,多項式,27,39,25,17,45,27,25,23,14,,22,18,2,2,9,20,7,7,27,39,2,6,94,92,6,33,48,63,54,46
28633,sdcxc-ma098-1-04ax,學測數學098,學測數學,098,單選,4,選兩班同校的機率,(E),msdjl 機率,機率,42,80,38,8,88,64,38,16,5,,72,24,26,22,11,10,20,11,16,42,94,93,29,14,63,52,46,56,64,48
28639,sdcxc-ma098-1-05ax,學測數學098,學測數學,098,單選,5,三個城鎮距離相等,(A),msssj 三角函數,三角函數,50,86,47,17,92,73,48,26,12,,69,19,25,22,14,50,17,15,11,6,18,18,18,97,96,54,54,51,56,54
28645,sdcxc-ma098-1-06ax,學測數學098,學測數學,098,單選,6,給定直線到兩點的距離,(C),mssjy 直線與圓,直線與圓,33,58,27,14,67,42,27,18,13,,44,25,15,9,5,36,12,33,5,14,97,3,94,82,10,48,47,65,56,48
29274,sdcxc-ma098-1-07ax,學測數學098,學測數學,098,多選,7,判斷有理數,(A)(C)(D),msckx 數學綜合概念,數學綜合概,39,67,35,15,76,52,34,21,11,25,52,24,18,13,10,83,19,67,73,48,5,17,88,42,19,36,62,59,59,37
29275,sdcxc-ma098-1-08ax,學測數學098,學測數學,098,多選,8,從圖形看四條直線的斜率,(B)(C)(D),mssjy 直線與圓,直線與圓,46,80,42,16,86,66,42,24,13,34,64,20,24,18,11,27,79,73,69,32,5,82,2,2,10,7,16,27,28,22
29276,sdcxc-ma098-1-09ax,學測數學098,學測數學,098,多選,9,甲乙兩地的信賴區間,(A)(B),msdsp 隨機變數,隨機變數,7,6,8,7,7,6,7,7,7,1,-1,1,-1,0,0,67,38,57,75,41,4,3,83,1,8,20,27,29,9,15
29277,sdcxc-ma098-1-10ax,學測數學098,學測數學,098,多選,10,線性方程組,(D)(E),msajz 矩陣與方程組,矩陣與方程,8,11,6,7,15,5,6,8,6,4,4,10,-1,-2,2,56,60,55,58,46,1,4,7,3,84,8,22,21,31,19
29278,sdcxc-ma098-1-11ax,學測數學098,學測數學,098,多選,11,正立方體稜邊上的點,(A)(D),msskx 空間向量,空間向量,38,70,32,12,79,53,31,17,9,27,58,26,22,14,8,68,26,23,63,45,61,17,10,6,6,13,29,28,18,11
29280,sdcxc-ma098-1-12ax,學測數學098,學測數學,098,填充,A,刪去所有的質數、$2$ 的倍數及 $3$ 的倍數,$95$,msckx 數學綜合概念,數學綜合概,76,92,86,50,93,89,86,75,35,,42,4,3,11,40,,,,,,,,,,,,,,,
29281,sdcxc-ma098-1-13ax,學測數學098,學測數學,098,填充,B,向量的移動,"$(-4,20)$",msspx 平面向量,平面向量,31,69,22,2,79,48,21,5,0,,67,31,27,16,5,,,,,,,,,,,,,,,
29282,sdcxc-ma098-1-14ax,學測數學098,學測數學,098,填充,C,希望抽球的期望值為 $300$,$23$,msdsp 隨機變數,隨機變數,60,92,69,19,95,86,70,41,10,,73,9,16,29,31,,,,,,,,,,,,,,,
29283,sdcxc-ma098-1-15ax,學測數學098,學測數學,098,填充,D,兩條平行線的截距差與距離,$12$,mssjy 直線與圓,直線與圓,39,79,32,6,88,61,31,12,3,,73,27,30,19,9,,,,,,,,,,,,,,,
29284,sdcxc-ma098-1-16ax,學測數學098,學測數學,098,填充,E,兩拋物線恰交於一點,$\dfrac{9}{8}$,msseq 二次曲線,二次曲線,13,33,6,0,44,13,5,1,0,,33,31,8,4,1,,,,,,,,,,,,,,,
29285,sdcxc-ma098-1-17ax,學測數學098,學測數學,098,填充,F,依固定比率減碳,5.6,msajt 指數與對數,指數與對數,6,15,2,1,23,3,1,1,0,,14,20,2,0,1,,,,,,,,,,,,,,,
29286,sdcxc-ma098-1-18ax,學測數學098,學測數學,098,填充,G,錐體側面的平面方程式,"$(0,2,8)$",msskx 空間向量,空間向量,36,80,26,2,88,60,25,5,0,,78,28,35,20,5,,,,,,,,,,,,,,,
29287,sdcxc-ma098-1-19ax,學測數學098,學測數學,098,填充,H,橢圓與雙曲線有共同焦點,$16$,msseq 二次曲線,二次曲線,36,57,36,15,65,42,37,28,9,,42,23,5,9,19,,,,,,,,,,,,,,,
29288,sdcxc-ma098-1-20ax,學測數學098,學測數學,098,填充,I,將三角形面積等分,$\dfrac{15}{2}$,msssj 三角函數,三角函數,11,27,5,1,38,8,4,2,1,,26,30,4,2,1,,,,,,,,,,,,,,,
28732,sdcxc-ma099-1-01ax,學測數學099,學測數學,099,單選,1,數量的每一項為 $\pm 1$,(B),msdpc 排列組合與記數原理,排列組合與,49,82,49,16,88,69,50,27,10,,66,19,19,23,17,6,49,13,14,19,11,13,46,22,8,22,21,12,27,17
28737,sdcxc-ma099-1-02ax,學測數學099,學測數學,099,單選,2,行列式值與整數解,(C),msspx 平面向量,平面向量,58,83,62,29,88,74,63,45,20,,54,14,11,18,25,12,13,58,4,12,9,3,8,70,10,15,18,35,24,8
28749,sdcxc-ma099-1-03ax,學測數學099,學測數學,099,單選,3,摸球的獎金期望值,(E),msdsp 隨機變數,隨機變數,55,84,62,19,87,78,62,35,11,,65,9,16,27,24,4,12,13,15,55,4,1,16,65,14,18,17,30,12,22
28789,sdcxc-ma099-1-04ax,學測數學099,學測數學,099,單選,4,平面上三角形的面積大小,(A),msssj 三角函數,三角函數,33,61,25,13,72,40,25,18,10,,48,32,15,7,8,33,25,19,14,9,19,87,98,12,15,44,44,70,49,41
28801,sdcxc-ma099-1-05ax,學測數學099,學測數學,099,單選,5,細菌的增長,(C),msajt 指數與對數,指數與對數,26,46,20,12,56,28,20,18,9,,34,28,8,2,9,16,19,26,27,12,62,12,32,25,91,37,40,62,55,56
28805,sdcxc-ma099-1-06ax,學測數學099,學測數學,099,單選,6,內積為定值,(D),msskx 空間向量,空間向量,49,70,53,24,76,60,54,40,16,,46,16,6,14,24,13,10,20,49,9,5,94,85,79,54,22,64,48,58,60
28806,sdcxc-ma099-1-07ax,學測數學099,學測數學,099,單選,7,比較三個橢圓的長軸長,(D),msseq 二次曲線,二次曲線,33,65,22,12,77,40,23,17,9,,53,37,17,6,8,13,8,25,33,21,58,25,79,57,58,45,51,56,55,39
28807,sdcxc-ma099-1-08ax,學測數學099,學測數學,099,多選,8,四個象限的四個三角函數值,(B)(C),msssj 三角函數,三角函數,39,72,29,16,81,52,30,20,13,27,56,29,22,10,7,35,63,85,32,32,66,93,7,78,38,72,54,32,55,60
28810,sdcxc-ma099-1-09ax,學測數學099,學測數學,099,多選,9,有時數解,(A)(E),msckx 數學綜合概念,數學綜合概,24,50,14,8,62,27,15,10,7,14,42,35,12,5,3,46,27,50,45,73,0,1,99,0,0,3,21,61,10,4
28811,sdcxc-ma099-1-10ax,學測數學099,學測數學,099,多選,10,$a_{n+1} = \frac{n(n+1)}{2} - a_{n}$,(B)(C)(D),msnsl 數列與遞迴,數列與遞迴,34,53,33,16,58,42,33,23,12,16,37,16,9,10,11,13,80,66,69,57,8,36,14,7,35,13,15,24,25,22
28812,sdcxc-ma099-1-11ax,學測數學099,學測數學,099,多選,11,原點對直線的投影點,(A)(C)(E),msskx 空間向量,空間向量,17,25,16,10,29,20,18,14,7,6,15,9,2,4,7,52,39,67,57,49,14,6,4,39,37,29,9,12,17,32
28815,sdcxc-ma099-1-12ax,學測數學099,學測數學,099,多選,12,公民對某議題的抽樣調查,(B)(D),msdsp 隨機變數,隨機變數,21,37,16,10,44,24,17,13,8,7,27,20,7,4,5,71,75,19,66,51,4,5,3,8,80,14,35,21,22,8
28817,sdcxc-ma099-1-13ax,學測數學099,學測數學,099,填充,A,平行四邊形面積,"$(6,8)$",msspx 平面向量,平面向量,29,64,19,4,77,41,19,7,2,,60,36,22,12,5,,,,,,,,,,,,,,,
28819,sdcxc-ma099-1-14ax,學測數學099,學測數學,099,填充,B,五次方成的兩個複數根,$-65$,msadx 多項式,多項式,29,71,15,1,84,43,13,3,0,,70,41,30,10,3,,,,,,,,,,,,,,,
28824,sdcxc-ma099-1-15ax,學測數學099,學測數學,099,填充,C,"$1,2$ 同行同列",$432$,msdpc 排列組合與記數原理,排列組合與,26,53,22,3,61,38,21,8,1,,50,23,17,13,7,,,,,,,,,,,,,,,
28827,sdcxc-ma099-1-16ax,學測數學099,學測數學,099,填充,D,三個二元一次式有解,$14$,msajz 矩陣與方程組,矩陣與方程,41,71,42,10,80,56,41,21,6,,61,24,15,20,15,,,,,,,,,,,,,,,
28561,sdcxc-ma099-1-17ax,學測數學099,學測數學,099,填充,E,直角三角形與分角線,$\dfrac{90}{7}$,msssj 三角函數,三角函數,31,75,17,1,86,50,16,3,0,,74,36,34,13,3,,,,,,,,,,,,,,,
28836,sdcxc-ma099-1-18ax,學測數學099,學測數學,099,填充,F,二次函數的平移與根,$\sqrt{41}$,msadx 多項式,多項式,15,40,4,1,56,14,4,1,0,,39,42,10,3,1,,,,,,,,,,,,,,,
28839,sdcxc-ma099-1-19ax,學測數學099,學測數學,099,填充,G,三角形中一角為另一角的 $2$ 倍,$\frac{5}{2}$,msssj 三角函數,三角函數,25,58,14,3,73,30,12,6,2,,55,43,18,6,4,,,,,,,,,,,,,,,
28842,sdcxc-ma099-1-20ax,學測數學099,學測數學,099,填充,H,拋物線上一點到定點與準線距離差,$\frac{21}{4}$,msseq 二次曲線,二次曲線,10,27,2,1,37,9,4,1,0,,26,28,5,3,1,,,,,,,,,,,,,,,
28618,sdcxc-ma100-1-01ax,學測數學100,學測數學,100,單選,1,$3$ 黑球與 $2$ 白球的抽球期望值,(A),msdsp 隨機變數,隨機變數,85,99,98,58,100,99,97,87,41,,41,1,2,10,46,85,7,5,2,1,86,6,3,3,2,17,27,29,17,10
28629,sdcxc-ma100-1-02ax,學測數學100,學測數學,100,單選,2,多項式的運算,(E),msadx 多項式,多項式,72,92,82,42,95,87,82,69,26,,50,8,5,13,43,1,8,6,13,72,28,6,58,2,6,37,19,15,8,21
28636,sdcxc-ma100-1-03ax,學測數學100,學測數學,100,單選,3,等比數列取對數,(B),msajt 指數與對數,指數與對數,28,56,14,14,71,29,14,13,13,,42,42,15,1,0,9,28,36,13,14,94,5,87,86,32,70,35,48,62,58
28648,sdcxc-ma100-1-04ax,學測數學100,學測數學,100,單選,4,兩個二次式相乘為0,(C),msseq 二次曲線,二次曲線,30,51,20,19,64,29,18,17,20,,32,35,11,1,-3,18,12,30,24,15,7,97,91,85,10,47,59,58,53,50
28649,sdcxc-ma100-1-05ax,學測數學100,學測數學,100,單選,5,次方的大小比較,(E),msajt 指數與對數,指數與對數,67,94,77,30,97,89,78,54,18,,64,8,11,24,36,2,3,13,14,67,80,34,55,85,48,51,45,59,63,38
28660,sdcxc-ma100-1-06ax,學測數學100,學測數學,100,單選,6,死亡率的中位數,(B),msdtj 統計,統計,69,91,76,40,94,84,76,62,28,,51,10,8,14,34,3,69,18,7,4,49,66,47,69,50,58,54,59,48,41
28665,sdcxc-ma100-1-07ax,學測數學100,學測數學,100,多選,7,複數平面上三角形的內部,(A)(C)(E),msssj 三角函數,三角函數,40,73,32,15,84,53,30,18,13,23,58,31,23,12,5,61,40,74,44,61,89,10,5,79,19,49,43,42,49,62
28667,sdcxc-ma100-1-08ax,學測數學100,學測數學,100,多選,8,廣義角函數值的判斷,(A)(B),msssj 三角函數,三角函數,54,82,55,25,87,72,55,36,20,33,57,15,17,19,16,83,77,21,21,46,4,2,92,1,1,24,30,26,10,10
28670,sdcxc-ma100-1-09ax,學測數學100,學測數學,100,多選,9,直角三角形的外切圓與內切圓,(C)(D),mssjy 直線與圓,直線與圓,61,90,62,31,95,80,63,43,25,49,59,15,17,20,18,15,27,79,73,27,1,96,1,1,1,9,44,16,22,9
28685,sdcxc-ma100-1-10ax,學測數學100,學測數學,100,多選,10,兩個垂直等長的向量,(A)(B)(E),msspx 平面向量,平面向量,37,64,33,14,73,49,33,20,12,18,50,24,16,13,8,76,68,44,42,54,1,0,1,97,0,23,12,22,38,5
28689,sdcxc-ma100-1-11ax,學測數學100,學測數學,100,多選,11,與過圓的直線相交的圖形,(D)(E),msseq 二次曲線,二次曲線,47,76,46,19,82,65,47,27,16,30,57,17,18,20,11,37,39,35,78,78,1,7,18,69,5,10,31,33,17,8
28692,sdcxc-ma100-1-12ax,學測數學100,學測數學,100,多選,12,$S:(x-1)^2+(y-2)^2+(z-3)^2 = 14 $,(A)(C)(D),msskx 空間向量,空間向量,54,84,53,25,90,73,54,34,20,35,59,17,19,20,14,75,22,79,68,31,74,6,11,4,4,17,18,38,17,10
28697,sdcxc-ma100-1-13ax,學測數學100,學測數學,100,多選,13,三次方程根的探討,(C),msadx 多項式,多項式,39,64,32,21,74,46,31,23,20,15,43,28,15,8,3,20,41,73,57,29,1,98,94,99,5,39,66,52,59,47
28710,sdcxc-ma100-1-14ax,學測數學100,學測數學,100,填充,A,無窮等比,$\frac{35}{6}$,msnsl 數列與遞迴,數列與遞迴,49,92,50,5,96,83,51,14,2,,87,13,32,37,12,,,,,,,,,,,,,,,
28555,sdcxc-ma100-1-15ax,學測數學100,學測數學,100,填充,B,正立方體與角度,$\frac{5}{7}$,msskx 空間向量,空間向量,55,92,61,12,96,82,63,30,5,,80,14,19,33,25,,,,,,,,,,,,,,,
28733,sdcxc-ma100-1-16ax,學測數學100,學測數學,100,填充,C,有男也有女的機率,$\frac{90}{119}$,msdjl 機率,機率,46,82,50,6,88,70,50,18,1,,76,18,20,32,17,,,,,,,,,,,,,,,
28735,sdcxc-ma100-1-17ax,學測數學100,學測數學,100,填充,D,四邊形對角線長,$\sqrt{32}$,msssj 三角函數,三角函數,32,73,21,2,84,50,20,5,1,,71,34,30,15,4,,,,,,,,,,,,,,,
28746,sdcxc-ma100-1-18ax,學測數學100,學測數學,100,填充,E,三種放射性物質的質量,"$4,1,2$",msajz 矩陣與方程組,矩陣與方程,26,59,17,2,73,33,16,6,1,,57,40,17,10,5,,,,,,,,,,,,,,,
28751,sdcxc-ma100-1-19ax,學測數學100,學測數學,100,填充,F,橢圓與拋物線,$3+3\sqrt{2}$,msseq 二次曲線,二次曲線,27,66,14,1,81,38,13,3,1,,65,43,25,10,2,,,,,,,,,,,,,,,
28758,sdcxc-ma100-1-20ax,學測數學100,學測數學,100,填充,G,線上離原點最近的一點,"$(2,-1,-3)$",msskx 空間向量,空間向量,31,74,17,2,88,46,16,4,1,,72,42,30,12,3,,,,,,,,,,,,,,,
28619,sdcxc-ma101-1-01ax,學測數學101,學測數學,101,單選,1,$\sqrt{\frac{1}{5^2}+\frac{1}{4^2}+1}$,(B),msckx 數學綜合概念,數學綜合概,77,98,89,44,99,96,89,69,30,,54,3,7,20,39,4,77,10,5,4,9,9,28,94,64,38,47,55,71,38
28626,sdcxc-ma101-1-02ax,學測數學101,學測數學,101,單選,2,階梯形立體,(E),msnsl 數列與遞迴,數列與遞迴,87,99,98,64,100,99,98,89,49,,35,1,1,9,40,1,2,6,4,87,3,92,5,97,69,27,51,51,56,65
28963,sdcxc-ma101-1-03ax,學測數學101,學測數學,101,單選,3,$10^{3.032}$ 查表,(D),msajt 指數與對數,指數與對數,36,64,27,17,77,40,25,22,15,,47,37,15,3,7,4,30,19,36,12,39,96,5,10,81,56,53,56,50,46
28970,sdcxc-ma101-1-04ax,學測數學101,學測數學,101,單選,4,兩校的常態分佈曲線,(A),msdsp 隨機變數,隨機變數,45,77,43,15,86,61,43,24,10,,62,25,18,19,14,45,7,25,16,7,91,27,90,52,83,54,58,56,57,39
28884,sdcxc-ma101-1-05ax,學測數學101,學測數學,101,單選,5,$x^2+y$ 的對數值,(C),msajt 指數與對數,指數與對數,51,91,46,16,96,78,44,22,13,,75,18,34,22,9,3,7,51,13,27,77,97,19,80,55,46,63,55,51,47
28885,sdcxc-ma101-1-06ax,學測數學101,學測數學,101,單選,6,兩球編號相減,(B),msdjl 機率,機率,66,84,71,43,89,76,72,64,32,,41,13,4,8,32,18,66,8,5,2,98,77,6,74,25,55,49,57,50,44
28886,sdcxc-ma101-1-07ax,學測數學101,學測數學,101,單選,7,球面與平面切於原點,(C),msskx 空間向量,空間向量,37,45,34,32,55,29,33,39,27,,13,26,-4,-6,12,12,29,37,16,7,0,3,1,95,1,4,24,23,37,12
28887,sdcxc-ma101-1-08ax,學測數學101,學測數學,101,多選,8,四次方成有一根 $i$,(A)(B)(E),msadx 多項式,多項式,56,92,58,18,96,84,58,29,13,44,74,12,26,29,16,76,73,28,21,67,13,58,5,2,22,16,19,25,8,33
28888,sdcxc-ma101-1-09ax,學測數學101,學測數學,101,多選,9,三角形三等分點組成的三角形,(A)(B),msdpc 排列組合與記數原理,排列組合與,51,77,51,25,84,64,50,36,21,31,52,20,14,14,15,64,64,23,29,17,2,2,1,88,8,26,13,17,24,20
28890,sdcxc-ma101-1-10ax,學測數學101,學測數學,101,多選,10,複數平面上 $\angle AOB = 90^\circ$,(D)(E),msssj 三角函數,三角函數,36,66,27,15,77,45,26,17,14,18,51,32,19,9,3,35,42,38,59,61,78,7,2,3,10,17,31,21,15,15
28895,sdcxc-ma101-1-11ax,學測數學101,學測數學,101,多選,11,聯立方程組解的探討,(C)(D),msspx 平面向量,平面向量,37,62,29,20,71,45,30,23,19,15,42,26,15,7,4,53,39,77,67,30,3,11,67,8,11,15,18,28,26,12
28897,sdcxc-ma101-1-12ax,學測數學101,學測數學,101,多選,12,坐標平面上的廣義角,(B)(D),msssj 三角函數,三角函數,42,64,40,22,66,57,41,27,20,14,42,9,16,14,7,25,79,37,75,57,52,24,77,46,54,40,48,60,57,41
28901,sdcxc-ma101-1-13ax,學測數學101,學測數學,101,多選,13,到兩點距離差的參數,(A)(B)(E),msseq 二次曲線,二次曲線,45,79,40,16,87,62,38,23,13,28,63,25,24,15,10,71,76,38,36,64,71,78,12,61,73,49,53,46,55,55
28903,sdcxc-ma101-1-14ax,學測數學101,學測數學,101,填充,A,公比為 $0.01$ 的無窮等比,$1.21$,msnsl 數列與遞迴,數列與遞迴,44,86,39,7,94,69,38,14,4,,79,25,31,24,10,,,,,,,,,,,,,,,
28904,sdcxc-ma101-1-15ax,學測數學101,學測數學,101,填充,B,與兩三角形交於一點的直線,$-3$,mssjy 直線與圓,直線與圓,39,71,39,7,79,57,38,16,3,,64,22,19,22,13,,,,,,,,,,,,,,,
28908,sdcxc-ma101-1-16ax,學測數學101,學測數學,101,填充,C,尋找北極星,"$(-3,26)$",msspx 平面向量,平面向量,56,90,65,13,94,83,67,31,5,,77,11,16,36,26,,,,,,,,,,,,,,,
28916,sdcxc-ma101-1-17ax,學測數學101,學測數學,101,填充,D,二次函數與內積極值,"$-1,-3$",msspx 平面向量,平面向量,37,83,27,1,93,62,24,4,0,,82,31,38,20,4,,,,,,,,,,,,,,,
28918,sdcxc-ma101-1-18ax,學測數學101,學測數學,101,填充,E,正三角形內的平行四邊形,$7$,msssj 三角函數,三角函數,46,85,39,14,93,66,39,23,10,,71,27,27,16,13,,,,,,,,,,,,,,,
28921,sdcxc-ma101-1-19ax,學測數學101,學測數學,101,填充,F,橢圓內的正三角形,"$12, 16$",msseq 二次曲線,二次曲線,40,80,37,3,87,66,39,10,1,,77,21,27,29,9,,,,,,,,,,,,,,,
28922,sdcxc-ma101-1-20ax,學測數學101,學測數學,101,填充,G,距離大於 $3$ 的機率,$\dfrac{3}{7}$,msdjl 機率,機率,23,54,13,2,68,29,11,4,2,,52,39,18,7,2,,,,,,,,,,,,,,,
28933,sdcxc-ma102-1-01ax,學測數學102,學測數學,102,單選,1,模範生資格,(E),msckx 數學綜合概念,數學綜合概,70,88,73,49,91,82,75,65,39,,39,9,7,10,26,4,6,8,11,70,88,40,43,20,64,51,41,49,40,55
28934,sdcxc-ma102-1-02ax,學測數學102,學測數學,102,單選,2,指數函數的變化率,(D),msajt 指數與對數,指數與對數,66,90,72,36,93,83,73,58,23,,54,10,10,15,35,5,4,17,66,9,96,97,10,82,30,57,68,49,54,48
28935,sdcxc-ma102-1-03ax,學測數學102,學測數學,102,單選,3,甲和乙抽到相同顏色球的條件下，丙抽到白球,(C),msdjl 機率,機率,35,67,26,12,77,48,27,15,10,,55,29,21,12,5,21,11,35,18,14,80,85,14,87,55,38,54,53,59,53
28936,sdcxc-ma102-1-04ax,學測數學102,學測數學,102,單選,4,三個數相關係數比較,(E),msdtj 統計,統計,30,46,25,19,54,32,25,24,16,,27,22,7,1,8,36,7,17,9,30,41,76,19,44,28,41,60,58,50,40
28937,sdcxc-ma102-1-05ax,學測數學102,學測數學,102,單選,5,雞蛋分裝、兩籃奇數顆,(B),msdpc 排列組合與記數原理,排列組合與,50,75,50,25,83,62,49,36,18,,50,21,13,13,18,7,50,26,11,5,1,1,97,1,0,6,21,47,20,6
28939,sdcxc-ma102-1-06ax,學測數學102,學測數學,102,單選,6,熱氣球上升的角度變換,(C),msssj 三角函數,三角函數,39,71,31,15,81,52,30,19,13,,56,29,22,11,6,6,10,39,32,13,5,3,10,10,73,8,27,38,17,9
28940,sdcxc-ma102-1-07ax,學測數學102,學測數學,102,多選,7,矩陣的次方,(A)(B)(C)(E),msajz 矩陣與方程組,矩陣與方程,60,85,67,28,88,79,68,46,19,42,57,9,11,22,27,85,74,86,17,60,2,6,4,88,1,7,32,24,22,14
28941,sdcxc-ma102-1-08ax,學測數學102,學測數學,102,多選,8,$a>1>b>0$ 的不等式,(A)(B),msckx 數學綜合概念,數學綜合概,47,68,50,23,73,59,49,35,18,22,45,14,10,14,17,82,72,17,38,48,10,8,8,67,7,21,26,31,12,10
28942,sdcxc-ma102-1-09ax,學測數學102,學測數學,102,多選,9,二次函數的疊加,(D)(E),msadx 多項式,多項式,43,64,40,25,72,51,40,32,22,19,39,21,11,8,10,21,37,36,64,72,7,15,12,15,50,13,26,30,24,7
28944,sdcxc-ma102-1-10ax,學測數學102,學測數學,102,多選,10,內積小於0,(A)(C)(D),msspx 平面向量,平面向量,36,60,30,18,69,44,30,22,16,16,42,25,14,8,6,65,37,64,63,41,52,80,81,35,52,49,45,56,39,61
28976,sdcxc-ma102-1-11ax,學測數學102,學測數學,102,多選,11,以橢圓焦點為中心的正方形,(A)(B)(E),msseq 二次曲線,二次曲線,42,58,45,23,62,52,44,33,18,18,35,10,8,11,15,50,82,48,23,75,96,3,97,93,81,43,49,55,67,34
28978,sdcxc-ma102-1-12ax,學測數學102,學測數學,102,多選,12,等比與等差的點列,(A)(C),msnsl 數列與遞迴,數列與遞迴,45,67,46,22,73,57,45,31,18,21,45,16,12,14,13,75,21,72,42,43,86,96,87,86,82,56,67,54,51,38
28980,sdcxc-ma102-1-13ax,學測數學102,學測數學,102,填充,A,$\frac{k}{3}<$$\sqrt{31}<$$\frac{k+1}{3}$,$16$,msckx 數學綜合概念,數學綜合概,68,95,82,27,97,91,83,57,11,,68,6,8,26,46,,,,,,,,,,,,,,,
28981,sdcxc-ma102-1-14ax,學測數學102,學測數學,102,填充,B,兩複數相乘,"$(-4,12)$",msadx 多項式,多項式,59,97,71,9,98,94,73,28,2,,88,4,21,45,26,,,,,,,,,,,,,,,
28982,sdcxc-ma102-1-15ax,學測數學102,學測數學,102,填充,C,分點公式,$19$,msspx 平面向量,平面向量,64,94,74,24,96,89,76,48,12,,70,7,13,28,36,,,,,,,,,,,,,,,
28984,sdcxc-ma102-1-16ax,學測數學102,學測數學,102,填充,D,分三天賣香蕉,"$-2,70$",msckx 數學綜合概念,數學綜合概,23,53,15,1,66,31,13,3,0,,52,35,18,10,3,,,,,,,,,,,,,,,
28985,sdcxc-ma102-1-17ax,學測數學102,學測數學,102,填充,E,平行線截等弦,$51$,mssjy 直線與圓,直線與圓,29,67,19,1,78,46,18,4,1,,66,32,28,14,3,,,,,,,,,,,,,,,
28989,sdcxc-ma102-1-18ax,學測數學102,學測數學,102,填充,F,限制範圍下的內積極值,$31$,msspx 平面向量,平面向量,11,29,3,1,40,11,3,1,1,,28,29,8,2,0,,,,,,,,,,,,,,,
28993,sdcxc-ma102-1-19ax,學測數學102,學測數學,102,填充,G,三角形外心到邊的距離,$4\sqrt{15}$,msssj 三角函數,三角函數,19,46,10,1,60,22,9,3,0,,45,38,13,6,3,,,,,,,,,,,,,,,
28997,sdcxc-ma102-1-20ax,學測數學102,學測數學,102,填充,H,正立方體與平面的截點,$\frac{15}{11}$,msskx 空間向量,空間向量,18,48,6,0,65,19,4,1,0,,48,46,15,3,1,,,,,,,,,,,,,,,
28552,sdcxc-ma103-1-01ax,學測數學103,學測數學,103,單選,1,雙層次方的對數,(E),msajt 指數與對數,指數與對數,82,99,93,54,99,97,93,81,38,,45,2,4,12,43,7,4,5,3,82,84,11,83,12,82,37,48,56,45,45
28687,sdcxc-ma103-1-02ax,學測數學103,學測數學,103,單選,2,$xy$ 平面上一點到兩點等距,(D),msskx 空間向量,空間向量,74,95,85,42,97,92,84,67,28,,53,5,8,17,39,2,7,10,74,7,75,49,11,89,86,49,31,50,53,66
28690,sdcxc-ma103-1-03ax,學測數學103,學測數學,103,單選,3,圓方程式與正方形的交點,(B),mssjy 直線與圓,直線與圓,73,96,86,37,97,93,86,61,25,,59,4,7,25,36,4,73,8,6,9,99,2,99,99,99,64,38,74,71,60
28696,sdcxc-ma103-1-04ax,學測數學103,學測數學,103,單選,4,絕對值不等式,(D),msckx 數學綜合概念,數學綜合概,68,95,79,30,97,91,79,53,19,,65,6,12,26,34,3,7,9,68,12,0,3,91,5,1,4,17,50,21,8
28699,sdcxc-ma103-1-05ax,學測數學103,學測數學,103,單選,5,$(1+\sqrt{2})^6$,(B),msdpc 排列組合與記數原理,排列組合與,69,97,77,33,99,93,78,53,22,,64,6,15,25,31,8,69,13,7,3,98,1,0,0,0,47,16,16,15,6
28702,sdcxc-ma103-1-06ax,學測數學103,學測數學,103,單選,6,疾病治療的成功率,(B),msdjl 機率,機率,33,55,22,22,68,34,21,22,21,,33,34,13,-1,1,20,33,22,9,16,3,5,5,82,4,14,22,35,20,8
28705,sdcxc-ma103-1-07ax,學測數學103,學測數學,103,多選,7,格子點,(A)(C)(E),msckx 數學綜合概念,數學綜合概,62,89,65,32,93,81,65,48,24,40,57,12,16,17,24,89,19,82,15,55,7,65,14,5,10,10,10,18,15,46
28708,sdcxc-ma103-1-08ax,學測數學103,學測數學,103,多選,8,根式的估計,(A)(D),msckx 數學綜合概念,數學綜合概,73,92,82,45,95,88,83,69,31,59,47,7,5,14,38,87,16,14,87,20,2,9,72,5,10,10,24,43,15,7
28718,sdcxc-ma103-1-09ax,學測數學103,學測數學,103,多選,9,向量進入第一象限,(B)(C)(D),msspx 平面向量,平面向量,71,94,77,42,97,89,76,58,34,53,52,8,13,18,24,16,80,86,85,16,98,88,6,17,6,64,55,39,44,30
28731,sdcxc-ma103-1-10ax,學測數學103,學測數學,103,多選,10,$f(x)+(x-2)(x-3)$,(C)(D),msadx 多項式,多項式,53,83,52,24,89,70,51,32,20,31,59,19,19,19,12,18,24,83,72,46,4,93,94,2,91,30,49,65,38,52
28738,sdcxc-ma103-1-11ax,學測數學103,學測數學,103,多選,11,等差數列的增長性分析,(B)(C)(E),msnsl 數列與遞迴,數列與遞迴,50,80,50,20,86,69,49,28,17,32,60,17,20,21,11,48,86,79,25,68,16,87,22,19,15,50,48,57,51,24
28754,sdcxc-ma103-1-12ax,學測數學103,學測數學,103,多選,12,失業率,(A)(D),msdtj 統計,統計,44,67,40,25,76,52,39,30,22,19,42,24,13,9,8,89,23,32,38,26,93,16,14,7,76,47,47,54,45,43
28554,sdcxc-ma103-1-13ax,學測數學103,學測數學,103,填充,A,圓內半弦長,$\dfrac{120}{13}$,msssj 三角函數,三角函數,64,97,78,17,98,94,81,43,5,,80,4,13,38,38,,,,,,,,,,,,,,,
28558,sdcxc-ma103-1-14ax,學測數學103,學測數學,103,填充,B,二次函數與相切直線,"$6$, $-9$",msadx 多項式,多項式,15,42,3,0,61,12,2,0,0,,42,49,10,2,0,,,,,,,,,,,,,,,
28560,sdcxc-ma103-1-15ax,學測數學103,學測數學,103,填充,C,到兩店距離相等,$4\sqrt{3}$,msssj 三角函數,三角函數,49,87,53,7,92,77,55,19,3,,80,15,22,36,16,,,,,,,,,,,,,,,
28774,sdcxc-ma103-1-16ax,學測數學103,學測數學,103,填充,D,直線上一點與另兩點內積最小,$\dfrac{5}{4}$,msskx 空間向量,空間向量,31,76,16,1,90,47,12,2,1,,75,43,35,10,1,,,,,,,,,,,,,,,
28784,sdcxc-ma103-1-17ax,學測數學103,學測數學,103,填充,E,給夾角求內積,$-\dfrac{\sqrt{3}}{2}$,msspx 平面向量,平面向量,31,75,17,1,89,48,16,3,0,,74,41,32,13,3,,,,,,,,,,,,,,,
28851,sdcxc-ma103-1-18ax,學測數學103,學測數學,103,填充,F,長方形磁磚鋪法,$11$,msdpc 排列組合與記數原理,排列組合與,22,44,17,5,55,25,16,9,3,,39,30,9,7,6,,,,,,,,,,,,,,,
28856,sdcxc-ma103-1-19ax,學測數學103,學測數學,103,填充,G,轉移矩陣的行列式,$\dfrac{13}{8}$,msajz 矩陣與方程組,矩陣與方程,35,76,25,4,88,53,25,9,2,,72,35,28,16,7,,,,,,,,,,,,,,,
28857,sdcxc-ma103-1-20ax,學測數學103,學測數學,103,填充,H,正三角形內的正三角形,$\dfrac{\sqrt{6}}{2}-\dfrac{\sqrt{2}}{2}$,msssj 三角函數,三角函數,28,64,18,2,78,38,16,5,1,,62,40,22,11,4,,,,,,,,,,,,,,,
28871,sdcxc-ma104-1-01ax,學測數學104,學測數學,104,單選,1,找符合數列的一般式,(C),msnsl 數列與遞迴,數列與遞迴,88,99,98,67,100,99,97,91,52,,32,1,2,6,39,2,4,88,4,2,7,76,34,36,73,25,60,52,54,44
28900,sdcxc-ma104-1-02ax,學測數學104,學測數學,104,單選,2,金額為公比為 2 的數列,(D),msnsl 數列與遞迴,數列與遞迴,68,88,72,44,92,81,72,64,33,,44,11,9,8,31,2,6,19,68,4,2,94,69,72,64,22,58,53,55,42
28909,sdcxc-ma104-1-03ax,學測數學104,學測數學,104,單選,3,串接與並列,(B),msdjl 機率,機率,57,78,60,33,82,71,61,49,24,,45,11,10,12,25,15,57,8,5,14,4,2,93,0,1,18,23,41,7,10
29018,sdcxc-ma104-1-04ax,學測數學104,學測數學,104,單選,4,可行解為正八邊形,(A),mssjy 直線與圓,直線與圓,31,51,27,15,59,37,28,21,11,,36,22,9,7,10,31,14,13,16,26,0,85,2,0,12,5,33,31,12,19
29019,sdcxc-ma104-1-05ax,學測數學104,學測數學,104,多選,5,路跑的平均心率,(B)(D)(E),msdtj 統計,統計,48,76,48,20,82,64,49,32,14,28,56,18,15,17,18,41,58,20,78,73,2,3,11,7,76,8,16,22,37,16
29022,sdcxc-ma104-1-06ax,學測數學104,學測數學,104,多選,6,首項係數為 $1$ 的二次多項式,(A)(D)(E),msadx 多項式,多項式,45,74,43,18,82,60,41,26,13,25,56,22,19,15,13,84,43,24,76,48,42,10,8,8,32,10,26,25,24,15
29025,sdcxc-ma104-1-07ax,學測數學104,學測數學,104,多選,7,指數函數上的四個點,(A)(B)(D),msajt 指數與對數,指數與對數,67,92,77,32,94,88,78,54,21,52,60,6,10,24,33,78,85,21,75,14,1,3,4,88,4,9,23,22,33,12
29026,sdcxc-ma104-1-08ax,學測數學104,學測數學,104,多選,8,給雙曲線兩條漸近線,(A)(B)(D)(E),msseq 二次曲線,二次曲線,48,71,49,24,74,64,51,35,18,21,47,10,13,16,17,70,80,41,65,79,42,30,15,6,5,9,25,44,12,8
29027,sdcxc-ma104-1-09ax,學測數學104,學測數學,104,多選,9,半圓上的四等分點,(B)(D),msspx 平面向量,平面向量,49,77,45,25,84,63,46,32,22,29,52,21,17,14,10,30,73,32,78,36,100,3,77,99,22,94,10,32,95,62
29028,sdcxc-ma104-1-10ax,學測數學104,學測數學,104,多選,10,有手機與平板人數,(B)(C)(D),msdpc 排列組合與記數原理,排列組合與,45,64,42,29,71,51,44,37,25,21,35,20,7,7,12,19,51,84,82,46,7,94,12,18,92,42,63,57,53,50
29035,sdcxc-ma104-1-11ax,學測數學104,學測數學,104,填充,A,往前移動測山高,$62$,msssj 三角函數,三角函數,43,81,44,4,87,70,43,14,1,,77,17,27,29,13,,,,,,,,,,,,,,,
29036,sdcxc-ma104-1-12ax,學測數學104,學測數學,104,填充,B,甲乙取出不同色、戊取紅球,$\dfrac{1}{2}$,msdjl 機率,機率,39,64,35,18,74,47,34,25,15,,46,27,13,9,10,,,,,,,,,,,,,,,
29037,sdcxc-ma104-1-13ax,學測數學104,學測數學,104,填充,C,盆栽的排列,$70$,msdpc 排列組合與記數原理,排列組合與,21,49,11,3,61,26,11,5,2,,46,35,15,6,3,,,,,,,,,,,,,,,
29038,sdcxc-ma104-1-14ax,學測數學104,學測數學,104,填充,D,一平面上的三角形周長,$6 \sqrt{2} + 2\sqrt{6}$,msskx 空間向量,空間向量,13,36,3,0,52,10,2,0,0,,36,42,8,2,0,,,,,,,,,,,,,,,
29039,sdcxc-ma104-1-15ax,學測數學104,學測數學,104,填充,E,平面向量,"$(9,1)$",msspx 平面向量,平面向量,31,71,21,1,83,46,19,4,0,,70,37,27,15,4,,,,,,,,,,,,,,,
29040,sdcxc-ma104-1-16ax,學測數學104,學測數學,104,填充,F,複利與單利比較,$8181$,msajt 指數與對數,指數與對數,26,57,18,3,69,35,19,8,1,,54,34,16,11,7,,,,,,,,,,,,,,,
29045,sdcxc-ma104-1-17ax,學測數學104,學測數學,104,填充,G,營業員的調動,$44$,msajz 矩陣與方程組,矩陣與方程,46,81,47,10,88,67,47,23,4,,71,21,20,24,19,,,,,,,,,,,,,,,
29046,sdcxc-ma104-1-18ax,學測數學104,學測數學,104,填充,H,角錐體積,$\dfrac{16\sqrt{5}}{3}$,msskx 空間向量,空間向量,43,77,41,11,86,60,41,23,5,,66,26,19,18,18,,,,,,,,,,,,,,,
29049,sdcxc-ma104-1-19ax,學測數學104,學測數學,104,填充,I,金字塔的兩面角,$\dfrac{25}{29}$,msskx 空間向量,空間向量,13,33,6,0,47,12,5,1,0,,33,35,7,4,1,,,,,,,,,,,,,,,
28548,sdcxc-ma104-1-20ax,學測數學104,學測數學,104,填充,J,汽車迴轉半徑,$6.1$,msssj 三角函數,三角函數,32,71,23,2,82,50,21,5,0,,69,32,29,16,5,,,,,,,,,,,,,,,
28766,sdcxc-ma105-1-01ax,學測數學105,學測數學,105,單選,1,給二次函數的極值,(C),msadx 多項式,多項式,67,97,77,27,98,93,78,46,17,,70,5,15,32,29,5,14,67,5,9,12,22,85,94,8,29,64,68,85,20
28772,sdcxc-ma105-1-02ax,學測數學105,學測數學,105,單選,2,三角函數與中位數,(E),msssj 三角函數,三角函數,53,89,58,12,93,80,60,26,5,,77,13,20,34,21,7,13,23,4,53,92,9,12,87,17,53,53,48,42,54
28776,sdcxc-ma105-1-03ax,學測數學105,學測數學,105,單選,3,方程式圖形的交點,(B),msseq 二次曲線,二次曲線,54,77,53,32,85,63,51,43,25,,45,22,12,8,18,10,54,10,6,21,96,85,24,24,67,57,54,51,50,52
28780,sdcxc-ma105-1-04ax,學測數學105,學測數學,105,單選,4,半衰期,(A),msajt 指數與對數,指數與對數,54,91,55,16,95,80,55,30,10,,75,15,25,25,20,54,5,8,31,2,3,9,14,74,1,16,22,28,18,16
28782,sdcxc-ma105-1-05ax,學測數學105,學測數學,105,單選,5,空間中一質點的運動,(B),msskx 空間向量,空間向量,52,86,49,21,92,74,49,31,16,,65,18,25,18,15,3,52,20,11,13,12,1,2,2,83,50,10,20,9,11
28786,sdcxc-ma105-1-06ax,學測數學105,學測數學,105,單選,6,給等比數列的總和與奇數項和,(D),msnsl 數列與遞迴,數列與遞迴,28,53,22,9,63,35,22,15,7,,44,28,13,7,8,21,17,19,28,13,4,66,16,8,6,9,21,43,17,10
28788,sdcxc-ma105-1-07ax,學測數學105,學測數學,105,多選,7,絕對值方程式,(B)(C)(E),msckx 數學綜合概念,數學綜合概,54,81,52,29,89,66,50,38,25,30,52,23,16,12,13,23,60,80,24,76,9,7,69,5,10,12,16,31,19,22
28880,sdcxc-ma105-1-08ax,學測數學105,學測數學,105,多選,8,水果賣價比較,(A)(B)(D),msckx 數學綜合概念,數學綜合概,59,77,60,40,81,69,61,52,32,35,37,12,8,9,20,90,88,39,76,24,18,22,11,43,6,32,39,17,8,3
28892,sdcxc-ma105-1-09ax,學測數學105,學測數學,105,多選,9,歪斜線,(C)(E),msskx 空間向量,空間向量,46,77,40,21,85,62,39,25,18,29,56,23,23,14,7,15,34,78,41,60,8,21,7,84,83,55,52,54,52,49
28894,sdcxc-ma105-1-10ax,學測數學105,學測數學,105,多選,10,係數皆為正整數的四次多項式,(A)(D)(E),msadx 多項式,多項式,34,59,28,15,68,44,27,18,13,15,44,24,17,9,5,41,49,33,78,69,89,88,89,90,9,53,51,50,54,44
28899,sdcxc-ma105-1-11ax,學測數學105,學測數學,105,多選,11,對數調分公式,(A)(B)(D),msdtj 統計,統計,47,67,49,25,72,57,48,35,19,22,42,15,9,13,16,75,78,39,79,43,97,96,3,6,87,57,66,39,48,52
28902,sdcxc-ma105-1-12ax,學測數學105,學測數學,105,多選,12,ASS條件的三角形,(B)(E),msssj 三角函數,三角函數,30,46,27,17,53,33,29,23,14,19,29,20,4,6,9,56,79,65,47,78,26,28,76,72,46,46,45,60,50,54
28905,sdcxc-ma105-1-13ax,學測數學105,學測數學,105,多選,13,抽鑰匙,(D)(E),msdjl 機率,機率,56,77,58,33,82,68,58,46,25,37,44,14,10,12,21,25,27,23,84,63,26,72,18,86,41,54,41,57,63,29
28906,sdcxc-ma105-1-14ax,學測數學105,學測數學,105,填充,A,矩陣兩列不相同,$42$,msajz 矩陣與方程組,矩陣與方程,22,47,16,3,57,30,17,7,1,,44,27,13,10,6,,,,,,,,,,,,,,,
28910,sdcxc-ma105-1-15ax,學測數學105,學測數學,105,填充,B,線性組合與面積,$\dfrac{7}{2}$,msspx 平面向量,平面向量,22,54,11,1,68,29,10,3,1,,53,39,19,7,2,,,,,,,,,,,,,,,
28913,sdcxc-ma105-1-16ax,學測數學105,學測數學,105,填充,C,橢圓內的正方形,$1+\sqrt{5}$,msseq 二次曲線,二次曲線,43,85,40,4,92,71,41,11,1,,81,21,30,30,10,,,,,,,,,,,,,,,
28917,sdcxc-ma105-1-17ax,學測數學105,學測數學,105,填充,D,高斯消去法,"$a=1, b=4, c= 1, d=-2$",msajz 矩陣與方程組,矩陣與方程,51,86,56,11,91,75,56,26,4,,75,16,19,30,22,,,,,,,,,,,,,,,
28919,sdcxc-ma105-1-18ax,學測數學105,學測數學,105,填充,E,不等式區域,$6$,mssjy 直線與圓,直線與圓,31,60,23,10,73,36,21,15,7,,50,37,15,6,8,,,,,,,,,,,,,,,
28614,sdcxc-ma105-1-19ax,學測數學105,學測數學,105,填充,F,機率與行列式,$\dfrac{19}{36}$,msdjl 機率,機率,17,39,10,2,49,22,12,4,0,,37,27,10,8,4,,,,,,,,,,,,,,,
28547,sdcxc-ma105-1-20ax,學測數學105,學測數學,105,填充,G,空間向量,$\dfrac{4}{3}$,msskx 空間向量,空間向量,15,38,6,1,51,16,6,2,1,,37,35,10,4,1,,,,,,,,,,,,,,,
28766,sdcxc-ma106-1-01ax,學測數學106,學測數學,106,單選,1,玩過寶可夢的比例,(A),msdtj 統計,統計,53,82,52,25,89,69,51,37,18,,57,20,18,14,19,53,1,1,15,30,8,89,76,53,63,44,48,52,48,37
28772,sdcxc-ma106-1-02ax,學測數學106,學測數學,106,單選,2,點擊一次數字變為平方,(C),msajt 指數與對數,指數與對數,51,84,52,17,89,73,52,29,11,,67,16,21,23,18,3,8,51,26,13,97,1,0,0,1,48,17,18,6,11
28776,sdcxc-ma106-1-03ax,學測數學106,學測數學,106,單選,3,動點與雙曲線相交情況,(E),msseq 二次曲線,二次曲線,38,71,34,9,80,54,34,18,5,,62,26,20,16,13,5,18,28,10,38,11,79,3,3,5,10,23,24,24,20
28780,sdcxc-ma106-1-04ax,學測數學106,學測數學,106,單選,4,正立方體上兩動點的移動,(D),msskx 空間向量,空間向量,55,89,60,16,93,81,61,31,9,,73,12,20,30,22,27,4,4,55,10,0,1,94,3,1,10,13,27,32,18
28782,sdcxc-ma106-1-05ax,學測數學106,學測數學,106,單選,5,城市高低溫的散佈圖,(D),msdtj 統計,統計,37,64,35,12,71,51,35,21,8,,52,20,16,14,13,18,14,17,37,14,3,60,12,16,8,6,18,33,33,10
28786,sdcxc-ma106-1-06ax,學測數學106,學測數學,106,單選,6,弧度與角度的餘弦值,(A),msssj 三角函數,三角函數,22,43,16,7,55,24,16,11,5,,36,31,8,5,6,22,18,28,8,22,2,14,2,82,1,13,39,23,20,5
28788,sdcxc-ma106-1-07ax,學測數學106,學測數學,106,單選,7,午餐的選擇,(B),msdpc 排列組合與記數原理,排列組合與,29,40,27,20,45,31,28,25,16,,20,14,3,3,9,16,29,27,15,13,2,54,9,21,13,8,15,46,18,13
28880,sdcxc-ma106-1-08ax,學測數學106,學測數學,106,多選,8,$f(x)=ax^m$ 與 $g(x)=bx^n$ 有 $3$ 個相異交點,(A)(C),msadx 多項式,多項式,24,35,20,17,41,25,21,20,15,9,18,16,4,1,5,49,39,67,49,60,99,3,1,97,93,82,27,21,73,62
28892,sdcxc-ma106-1-09ax,學測數學106,學測數學,106,多選,9,一點在圓內一點在圓外,(E),mssjy 直線與圓,直線與圓,34,57,30,15,65,43,30,20,12,11,42,22,13,10,8,18,15,64,53,60,96,93,92,90,9,64,59,58,46,45
28894,sdcxc-ma106-1-10ax,學測數學106,學測數學,106,多選,10,空間中三條直線的關係,(B)(C)(D),msskx 空間向量,空間向量,43,66,39,24,74,52,39,30,22,17,42,22,13,9,8,27,78,64,63,43,48,91,16,97,71,69,75,44,72,43
28899,sdcxc-ma106-1-11ax,學測數學106,學測數學,106,多選,11,無縫密舖平面的凸五邊形 $ABCDE$,(A)(D),msssj 三角函數,三角函數,62,84,64,38,89,75,64,51,31,44,46,14,11,13,20,92,9,24,70,32,11,55,86,85,51,37,40,70,71,21
28902,sdcxc-ma106-1-12ax,學測數學106,學測數學,106,多選,12,$50$ 位同學的及格關係,(B)(E),msdpc 排列組合與記數原理,排列組合與,28,37,27,20,41,30,28,25,17,7,17,11,2,3,8,23,77,56,61,56,61,81,65,61,59,45,68,61,42,37
28905,sdcxc-ma106-1-13ax,學測數學106,學測數學,106,多選,13,四面體中，一邊與令兩邊垂直,(C)(E),msskx 空間向量,空間向量,36,54,32,22,62,41,33,28,19,16,32,21,8,5,9,49,39,73,42,72,97,63,4,5,80,58,33,40,38,53
28906,sdcxc-ma106-1-14ax,學測數學106,學測數學,106,填充,A,$a_n=a_{n-1}+f(n-2)$,$25$,msnsl 數列與遞迴,數列與遞迴,54,82,60,20,86,74,59,36,12,,62,12,15,23,24,,,,,,,,,,,,,,,
28910,sdcxc-ma106-1-15ax,學測數學106,學測數學,106,填充,B,平面上三點的線性組合,"$(\dfrac{40}{21},\dfrac{25}{21})$",msspx 平面向量,平面向量,26,65,12,1,79,37,12,2,0,,64,42,25,10,2,,,,,,,,,,,,,,,
28913,sdcxc-ma106-1-16ax,學測數學106,學測數學,106,填充,C,三次方程的根都是有理數,$7$,msadx 多項式,多項式,30,63,22,5,74,42,21,9,3,,58,32,21,12,6,,,,,,,,,,,,,,,
28917,sdcxc-ma106-1-17ax,學測數學106,學測數學,106,填充,D,係數為等差數列的方程組,$-5$,msskx 空間向量,空間向量,37,70,33,8,79,52,34,16,4,,62,27,18,18,12,,,,,,,,,,,,,,,
28919,sdcxc-ma106-1-18ax,學測數學106,學測數學,106,填充,E,內插法求對數值,$47$,msajt 指數與對數,指數與對數,24,59,12,1,74,32,11,2,0,,58,42,21,9,2,,,,,,,,,,,,,,,
28614,sdcxc-ma106-1-19ax,學測數學106,學測數學,106,填充,F,青蛙回到原點的機率,$\dfrac{9}{64}$,msdjl 機率,機率,19,45,11,1,55,26,11,3,0,,44,29,15,8,3,,,,,,,,,,,,,,,
28547,sdcxc-ma106-1-20ax,學測數學106,學測數學,106,填充,G,甲、乙兩人互望視線被擋住,$14.4$,mssjy 直線與圓,直線與圓,22,56,9,1,71,28,10,3,1,,55,43,18,7,2,,,,,,,,,,,,,,,